Caption,Image,Video,Time Created,Post URL,Post ID
"For the SANA team, it has been a few months of tons of learning and seeing how each of our cohorts are making progress. We are so grateful to our donors, partners, and participants for making this a reality. 56 women  already! 

Gender equity starts with mental health support! 

#mentalhealth #mentalhealthmatters #womenincoffee #coffeeindustry #sustainability #womencoffeefarmers #colombiancoffee",https://scontent-lga3-2.cdninstagram.com/v/t51.2885-15/539469317_17868522591430577_6740333341493122192_n.jpg?stp=dst-jpg_e35_tt6&efg=eyJ2ZW5jb2RlX3RhZyI6IkZFRUQuaW1hZ2VfdXJsZ2VuLjEzNTB4MTY4Ny5zZHIuZjgyNzg3LmRlZmF1bHRfaW1hZ2UuYzIifQ&_nc_ht=scontent-lga3-2.cdninstagram.com&_nc_cat=105&_nc_oc=Q6cZ2QHHV0FDjZ12z-82hpKaK7mHT-2T9q_l_Bu4nDcZEt5EHMPe-Wd1GR5VDE9liCDg9X4&_nc_ohc=XRfowmrRVYoQ7kNvwH_MkqS&_nc_gid=V0nxI5szgPFWP-ryus67Zw&edm=APoiHPcBAAAA&ccb=7-5&ig_cache_key=MzcwNzc5MjEyNTM2NTIyNzg1OQ%3D%3D.3-ccb7-5&oh=00_AfVq5vg1o-SotBOglEzgdmH35rNOB2dGM_9xCBLuFr07XQ&oe=68B55A40&_nc_sid=22de04,,2025-08-26 11:48:07,https://www.instagram.com/p/DN0uUsVYpFT,DN0uUsVYpFT
" Coffee production without the humans who do the labor and make it possible is unimaginableespecially without the women who do up to 70% of the farm labor. For women coffee farmers to thrive in their roles and remain on their farms, they need access to tailored mental health care to live healthier and more fulfilling lives. This will become a virtuous cycle that will impact their families and communities. 

At SANA, we provide mental health programs that strengthen and uplift the women at the heart of coffee.

 Donate $25/month to give a woman coffee farmer access to a SANA programand support to build a future of coffee that truly cares for the people behind every bean. Go to: sanaprograms.org/donate",https://scontent-lga3-2.cdninstagram.com/v/t51.2885-15/538638743_17868069618430577_7130493945337161243_n.jpg?stp=dst-jpg_e35_tt6&efg=eyJ2ZW5jb2RlX3RhZyI6IkZFRUQuaW1hZ2VfdXJsZ2VuLjEyMDB4MTIwMC5zZHIuZjgyNzg3LmRlZmF1bHRfaW1hZ2UuYzIifQ&_nc_ht=scontent-lga3-2.cdninstagram.com&_nc_cat=105&_nc_oc=Q6cZ2QHHV0FDjZ12z-82hpKaK7mHT-2T9q_l_Bu4nDcZEt5EHMPe-Wd1GR5VDE9liCDg9X4&_nc_ohc=aOO2TR84zIYQ7kNvwFCXs8M&_nc_gid=V0nxI5szgPFWP-ryus67Zw&edm=APoiHPcBAAAA&ccb=7-5&ig_cache_key=MzcwNTA1NTkzNjgwODAwNzI0Mg%3D%3D.3-ccb7-5&oh=00_AfWk1VbqAdOLmW3WtSB6I1W8pre6qTg9BPUmAm-_E-Su6w&oe=68B55F5C&_nc_sid=22de04,,2025-08-22 17:11:49,https://www.instagram.com/p/DNrAL6KZLZK,DNrAL6KZLZK
"We recently had an inspiring conversation with Lucia Bawot, founder of SANA, where we explored their work in depth.
 
But what is SANA? Its a mental health initiative in Colombia dedicated to supporting women coffee farmers.
 
Read the full 10-question interview via the link in our bio or on our website.",https://scontent-lga3-2.cdninstagram.com/v/t51.2885-15/537375470_18523902850018705_378216655968299579_n.jpg?stp=dst-jpg_e35_tt6&efg=eyJ2ZW5jb2RlX3RhZyI6IkZFRUQuaW1hZ2VfdXJsZ2VuLjEwODB4MTM1MC5zZHIuZjgyNzg3LmRlZmF1bHRfaW1hZ2UuYzIifQ&_nc_ht=scontent-lga3-2.cdninstagram.com&_nc_cat=101&_nc_oc=Q6cZ2QHHV0FDjZ12z-82hpKaK7mHT-2T9q_l_Bu4nDcZEt5EHMPe-Wd1GR5VDE9liCDg9X4&_nc_ohc=_7M-T21VPw0Q7kNvwE5XHMB&_nc_gid=V0nxI5szgPFWP-ryus67Zw&edm=APoiHPcBAAAA&ccb=7-5&ig_cache_key=MzcwNDE3NTA3OTg5ODQ2MjU5Mg%3D%3D.3-ccb7-5&oh=00_AfVAAqQq6_CCuhQgWBnSrKNqI9StR_ejnpjFf8GNNZLONw&oe=68B548FF&_nc_sid=22de04,,2025-08-21 12:01:49,https://www.instagram.com/p/DNn35wPM7mA,DNn35wPM7mA
"In their words: Laura participated in our pilot program. Here is a short testimonial about her experience. 

Join our movement and donate to support a woman coffee farmer like Laura to live a healthier and more fulfilling life while strengthening their wellbeing. 

#SANAProgram #MentalHealthGrowsHere #Coffeeindustry #womenincoffee #womencoffeefarmers #mentalhealth #ruralmentalhealth",https://scontent-lga3-2.cdninstagram.com/v/t51.2885-15/536479506_17867793345430577_4074174806413475648_n.jpg?stp=dst-jpg_e35_tt6&efg=eyJ2ZW5jb2RlX3RhZyI6IkZFRUQuaW1hZ2VfdXJsZ2VuLjEzNTB4MTY4Ny5zZHIuZjgyNzg3LmRlZmF1bHRfaW1hZ2UuYzIifQ&_nc_ht=scontent-lga3-2.cdninstagram.com&_nc_cat=105&_nc_oc=Q6cZ2QHHV0FDjZ12z-82hpKaK7mHT-2T9q_l_Bu4nDcZEt5EHMPe-Wd1GR5VDE9liCDg9X4&_nc_ohc=vSbb_7NUBtIQ7kNvwHWupVv&_nc_gid=V0nxI5szgPFWP-ryus67Zw&edm=APoiHPcBAAAA&ccb=7-5&ig_cache_key=MzcwMzQ2NjkzNjA3NzAxNjMzMw%3D%3D.3-ccb7-5&oh=00_AfXvcZ0dNmBG0spue5ywqb4rdFVe8LnGSlVl-txjPjhwMA&oe=68B56F98&_nc_sid=22de04,,2025-08-20 12:34:44,https://www.instagram.com/p/DNlW456Rl0N,DNlW456Rl0N
"Behind almost every cup of coffee, theres a woman carrying the weight of labor, caregiving, and trauma  often in silence. In Colombia, women coffee farmers face some of the highest mental health risks, yet almost no access to tailored care.

SANA exists to change that. We provide women coffee farmers with tailored, integrative mental health support so they can heal, grow, and reclaim their dignity.

You can make this possible. For just $25 a month, you give one woman access to our program  therapy, tools, and the chance to live a healthier, more fulfilling life.

 Donate today. Help us break the silence and bring hope to the women who are the backbone of coffee.
 Go to sanaprograms.org/donate or find link in our bio.

#mentalhealth #womenincoffee #coffeeindustry #mentalhealthmatters",https://scontent-lga3-2.cdninstagram.com/v/t51.2885-15/534312230_17867546343430577_7473648350498636215_n.jpg?stp=dst-jpg_e15_tt6&efg=eyJ2ZW5jb2RlX3RhZyI6IkNMSVBTLmltYWdlX3VybGdlbi4xMDgweDE5MjAuc2RyLmY4Mjc4Ny5kZWZhdWx0X2NvdmVyX2ZyYW1lLmMyIn0&_nc_ht=scontent-lga3-2.cdninstagram.com&_nc_cat=105&_nc_oc=Q6cZ2QHHV0FDjZ12z-82hpKaK7mHT-2T9q_l_Bu4nDcZEt5EHMPe-Wd1GR5VDE9liCDg9X4&_nc_ohc=CZrehH-AKx4Q7kNvwGKxpk1&_nc_gid=V0nxI5szgPFWP-ryus67Zw&edm=APoiHPcBAAAA&ccb=7-5&ig_cache_key=MzcwMTk2MjEyMDg1MDg0NjcxODE3ODY3NTQ2MzM3NDMwNTc3.3-ccb7-5&oh=00_AfUMor9_RhlN0SQej1ArKftWcZZ9ZdeJ3npdRk5jifpKEA&oe=68B54543&_nc_sid=22de04,https://scontent-lga3-3.cdninstagram.com/o1/v/t16/f2/m86/AQNeSPugfc0kaZoN9XPjDrY2zozS-Ft4DhhcWS19e1SsZIxlxsuK_SRaS5jVBdB81aXS9DoPEB0PNpFSb-fEa488kupqV5o_FbYs3ts.mp4?stp=dst-mp4&efg=eyJxZV9ncm91cHMiOiJbXCJpZ193ZWJfZGVsaXZlcnlfdnRzX290ZlwiXSIsInZlbmNvZGVfdGFnIjoidnRzX3ZvZF91cmxnZW4uY2xpcHMuYzIuNzIwLmJhc2VsaW5lIn0&_nc_cat=106&vs=1099999235596672_1897792865&_nc_vs=HBksFQIYUmlnX3hwdl9yZWVsc19wZXJtYW5lbnRfc3JfcHJvZC9ENzREMzExMDcxM0Y0RDA4MzE3OThEOTM3REE1OThCRV92aWRlb19kYXNoaW5pdC5tcDQVAALIARIAFQIYOnBhc3N0aHJvdWdoX2V2ZXJzdG9yZS9HQzc0dWg5Yk5ocTNrQTRLQU40X3dXQXRkZ0paYnFfRUFBQUYVAgLIARIAKAAYABsAFQAAJv7T4ODz35JAFQIoAkMzLBdAXszMzMzMzRgSZGFzaF9iYXNlbGluZV8xX3YxEQB1%2Fgdl5p0BAA%3D%3D&_nc_rid=9f0eb3e769&ccb=9-4&oh=00_AfX94PXZEKr5IE3mWRcVBGK5j2o-aO2kE6T5-gHe33h_xQ&oe=68B160BF&_nc_sid=22de04,2025-08-26 12:00:17,https://www.instagram.com/p/DNgAu9hRDP-,DNgAu9hRDP-
"Were calling on coffee roasters and cafs to join us (@sana_programs) in supporting the mental health and wellbeing of women coffee farmers through our October Give-Back Campaign.

Our program is designed to help these women live healthier & more fulfilling lives while supporting them in gaining the emotional tools and agency to thrive within their families and communities.

Why October?
October kicks off with International Coffee Day a perfect moment to reflect on the people behind every cup. Its also a powerful month for mental health advocacy with Mental Illness Awareness Week (October 511) and World Mental Health Day (October 10) making this the perfect time to take meaningful action at origin.

How Your Caf or Roastery Can Join:

* Pick a drink  donate 20% of its sales throughout October to SANA.
* Pick a coffee offering  donate 10% per bag sold to SANA throughout October.

Lets make October a month of real impact where mental health becomes the foundation of gender equity and sustainability in the coffee industry.

 Ready to join?
Comment below or email us at info@sanaprograms.org so we can send you the participation guidelines.",https://scontent-lga3-2.cdninstagram.com/v/t51.2885-15/532100780_17866800009430577_1370010479405099118_n.jpg?stp=dst-jpg_e35_tt6&efg=eyJ2ZW5jb2RlX3RhZyI6IkZFRUQuaW1hZ2VfdXJsZ2VuLjEwODB4MTA4MC5zZHIuZjgyNzg3LmRlZmF1bHRfaW1hZ2UuYzIifQ&_nc_ht=scontent-lga3-2.cdninstagram.com&_nc_cat=105&_nc_oc=Q6cZ2QHHV0FDjZ12z-82hpKaK7mHT-2T9q_l_Bu4nDcZEt5EHMPe-Wd1GR5VDE9liCDg9X4&_nc_ohc=d5dMswQWWjQQ7kNvwGkYfnf&_nc_gid=V0nxI5szgPFWP-ryus67Zw&edm=APoiHPcBAAAA&ccb=7-5&ig_cache_key=MzY5NzU3Nzc4MDA1MDI1NTU4OA%3D%3D.3-ccb7-5&oh=00_AfX88a_qpu-NQw_4Ss1XC61odUJ_bJCAGWqhC8yJIgmfvg&oe=68B54C36&_nc_sid=22de04,,2025-08-12 14:01:29,https://www.instagram.com/p/DNQb2Z9Rd7k,DNQb2Z9Rd7k
"Weve measured the yield, weve invested in quality, and more resistant varieties, but if we imagine a future where coffee is available we intrinsically have to start prioritizing the well-being of the humans producing it. Because if these humans are struggling mentally, emotionally, and physically, it doesn't matter how much coffee they produce, or how much they get paid for that coffee, they won't have the energy, the mental bandwidth, and emotional tools to thrive as coffee farmers. 

Wanna learn about the work and support we are providing, go check out our website: www.sanaprograms.org",https://scontent-lga3-2.cdninstagram.com/v/t51.2885-15/530166944_17866319922430577_4606035215703707546_n.jpg?stp=dst-jpg_e35_tt6&efg=eyJ2ZW5jb2RlX3RhZyI6IkZFRUQuaW1hZ2VfdXJsZ2VuLjEzNTB4MTY4Ny5zZHIuZjgyNzg3LmRlZmF1bHRfaW1hZ2UuYzIifQ&_nc_ht=scontent-lga3-2.cdninstagram.com&_nc_cat=105&_nc_oc=Q6cZ2QHHV0FDjZ12z-82hpKaK7mHT-2T9q_l_Bu4nDcZEt5EHMPe-Wd1GR5VDE9liCDg9X4&_nc_ohc=wx52f7YmDIsQ7kNvwEt4QYu&_nc_gid=V0nxI5szgPFWP-ryus67Zw&edm=APoiHPcBAAAA&ccb=7-5&ig_cache_key=MzY5NDg2MzA4NjY5NzEyMzA2Mw%3D%3D.3-ccb7-5&oh=00_AfUaJtovajBP_UCs50zKZCh9j-SsANwmGU9BSLiY428C5Q&oe=68B55424&_nc_sid=22de04,,2025-08-08 15:40:26,https://www.instagram.com/p/DNGymawSQz3,DNGymawSQz3
"Its been over a month since we launched our SANA program into the world, and today, we can proudly share that 35 women have already enrolled and finished their first month of the program. Next Monday, we will launch two new cohorts with 23 women coffee farmers. 

Also, we want to give a shout out to our lead psychologist and program assistant @dianicpr who has done more than 70+ individual calls and has send more than 20+ unique psycho educational content pieces. 

Remember gender equity starts with mental health! ",https://scontent-lga3-2.cdninstagram.com/v/t51.2885-15/528312939_17866204746430577_3742833972764670432_n.jpg?stp=dst-jpg_e35_tt6&efg=eyJ2ZW5jb2RlX3RhZyI6IkZFRUQuaW1hZ2VfdXJsZ2VuLjEzNTB4MTY4Ny5zZHIuZjgyNzg3LmRlZmF1bHRfaW1hZ2UuYzIifQ&_nc_ht=scontent-lga3-2.cdninstagram.com&_nc_cat=105&_nc_oc=Q6cZ2QHHV0FDjZ12z-82hpKaK7mHT-2T9q_l_Bu4nDcZEt5EHMPe-Wd1GR5VDE9liCDg9X4&_nc_ohc=nYzJOcDoQr4Q7kNvwGhupWC&_nc_gid=V0nxI5szgPFWP-ryus67Zw&edm=APoiHPcBAAAA&ccb=7-5&ig_cache_key=MzY5NDEzNTU3NjU3MzI4MDg1OA%3D%3D.3-ccb7-5&oh=00_AfXqV6k8tJV2xTPTIMR9bGd-6Yi6O602QcXLfbdgS2p1uA&oe=68B55F7D&_nc_sid=22de04,,2025-08-07 15:35:00,https://www.instagram.com/p/DNENLwJyIJa,DNENLwJyIJa
"Its been a little over a month since we launched SANA into the world and today we are excited to share some updates and highlights about the programs we are currently executing and the upcoming ones. 

Could you help us reach our 2025 goal? Make your donation at www.sanaprograms.org/donate and support the well-being of the hardworking women behind your morning cup of coffee. They deserve to live healthier and more fulfilling lives. With $25 (monthly) you give a woman access to a SANA program. 

For the SANA team, it has been a month full of learning and we are excited for what is to come. We are so grateful to our donors, partners, and participants for making this a reality. 

Gender equity starts with mental health support! ",https://scontent-lga3-2.cdninstagram.com/v/t51.2885-15/528302134_17865972243430577_6802849403564355265_n.jpg?stp=dst-jpg_e35_tt6&efg=eyJ2ZW5jb2RlX3RhZyI6IkZFRUQuaW1hZ2VfdXJsZ2VuLjEzNTB4MTY4Ny5zZHIuZjgyNzg3LmRlZmF1bHRfaW1hZ2UuYzIifQ&_nc_ht=scontent-lga3-2.cdninstagram.com&_nc_cat=105&_nc_oc=Q6cZ2QHHV0FDjZ12z-82hpKaK7mHT-2T9q_l_Bu4nDcZEt5EHMPe-Wd1GR5VDE9liCDg9X4&_nc_ohc=STAeR68SiGgQ7kNvwEvRVuu&_nc_gid=V0nxI5szgPFWP-ryus67Zw&edm=APoiHPcBAAAA&ccb=7-5&ig_cache_key=MzY5MjcwODI3Mzk3MjcyOTgxMA%3D%3D.3-ccb7-5&oh=00_AfXV48Edx-xTgK1BMWyfvRwKqZ3I-t0iKC96lxFGok77mQ&oe=68B5763D&_nc_sid=22de04,,2025-08-05 16:26:43,https://www.instagram.com/p/DM_IpxBSlfS,DM_IpxBSlfS
"In their words: Veronica participated in our pilot program, and here is a short testimonial about her experience. 

Join our movement and donate to support a woman coffee farmer like Veronica to live a healthier and more fulfilling life. 

#SANAProgram #MentalHealthGrowsHere #Coffeeindustry #womenincoffee #womencoffeefarmers #mentalhealth #ruralmentalhealth",https://scontent-lga3-2.cdninstagram.com/v/t51.2885-15/526687629_17865858222430577_2007333974870685492_n.jpg?stp=dst-jpg_e35_tt6&efg=eyJ2ZW5jb2RlX3RhZyI6IkZFRUQuaW1hZ2VfdXJsZ2VuLjEzNTB4MTY4Ny5zZHIuZjgyNzg3LmRlZmF1bHRfaW1hZ2UuYzIifQ&_nc_ht=scontent-lga3-2.cdninstagram.com&_nc_cat=105&_nc_oc=Q6cZ2QHHV0FDjZ12z-82hpKaK7mHT-2T9q_l_Bu4nDcZEt5EHMPe-Wd1GR5VDE9liCDg9X4&_nc_ohc=R0zCr2Yn1vUQ7kNvwEKoqqv&_nc_gid=V0nxI5szgPFWP-ryus67Zw&edm=APoiHPcBAAAA&ccb=7-5&ig_cache_key=MzY5MTk3MDA3ODEzODAzMzg2Mg%3D%3D.3-ccb7-5&oh=00_AfVU8mOiy7zYcej6tpnAzEQHml_1k4vKT1vEb05G49UJvA&oe=68B57594&_nc_sid=22de04,,2025-08-04 15:52:33,https://www.instagram.com/p/DM8gzmkyebG,DM8gzmkyebG
"We care for our gardens with love. Are we doing the same for ourselves?
At SANA, we asked our participants to share something meaningful with us  the gardens they tend to each day. With patience, they water, prune, and nourish each plant with care. Their gardens flourish because they show up for them, over and over again.
But then came a beautiful and honest reflection:
We often forget to be as kind, loving, and caring to ourselves as we are to our gardens. But today, we promise to ask this question often and to prioritize our self-care time.

This is the heart of SANA: a space where women begin to reconnect with themselves. Where they treat their inner world with the same tenderness they give to the soil.

 Today, we invite you to do the same and to help us grow this work.

With a donation of $25 (monthly), you can support the mental health access of a woman coffee farmer in Colombia.  sanaprograms.org/donate",https://scontent-lga3-2.cdninstagram.com/v/t51.2885-15/524615132_17865119631430577_5063053005032345203_n.jpg?stp=dst-jpg_e35_tt6&efg=eyJ2ZW5jb2RlX3RhZyI6IkNBUk9VU0VMX0lURU0uaW1hZ2VfdXJsZ2VuLjEwODB4MTM1MC5zZHIuZjgyNzg3LmRlZmF1bHRfaW1hZ2UuYzIifQ&_nc_ht=scontent-lga3-2.cdninstagram.com&_nc_cat=105&_nc_oc=Q6cZ2QHHV0FDjZ12z-82hpKaK7mHT-2T9q_l_Bu4nDcZEt5EHMPe-Wd1GR5VDE9liCDg9X4&_nc_ohc=YpRd9Xy-gyIQ7kNvwEGg00E&_nc_gid=V0nxI5szgPFWP-ryus67Zw&edm=APoiHPcBAAAA&ccb=7-5&ig_cache_key=MzY4NzQ4NzA3NTMxODM1ODAwOA%3D%3D.3-ccb7-5&oh=00_AfXNx3NrcD7TGTJ1q-tRj__8Y6zF8TseIlEHNP9YUn_6EQ&oe=68B55F04&_nc_sid=22de04,,2025-07-29 11:38:46,https://www.instagram.com/p/DMslfg-MdaM,DMslfg-MdaM
"What a great time we had yesterday! Thank you to everyone who joined us, to our hosts @driftawaycoffee and @sccoffecompany for providing the incredible coffees. 

We raised $530 for SANA, and since it costs $300 to support one woman through the full SANA program, were just $70 away from being able to fund two women!

If our mission speaks to you and youd like to help us close the gap, you can donate the remaining amount here: sanaprograms.org/donate

Thank you for being part of this movement! Remember GENDER EQUITY STARTS WITH MENTAL HEALTH ",https://scontent-lga3-2.cdninstagram.com/v/t51.2885-15/524164088_17865036774430577_5703183494631437809_n.jpg?stp=dst-jpg_e35_tt6&efg=eyJ2ZW5jb2RlX3RhZyI6IkNBUk9VU0VMX0lURU0uaW1hZ2VfdXJsZ2VuLjE0NDB4MTg1OC5zZHIuZjgyNzg3LmRlZmF1bHRfaW1hZ2UuYzIifQ&_nc_ht=scontent-lga3-2.cdninstagram.com&_nc_cat=105&_nc_oc=Q6cZ2QHHV0FDjZ12z-82hpKaK7mHT-2T9q_l_Bu4nDcZEt5EHMPe-Wd1GR5VDE9liCDg9X4&_nc_ohc=YO0e7g1WjIoQ7kNvwFvBTGn&_nc_gid=V0nxI5szgPFWP-ryus67Zw&edm=APoiHPcBAAAA&ccb=7-5&ig_cache_key=MzY4Njk3NzY2NjIzNTk3MTEyNA%3D%3D.3-ccb7-5&oh=00_AfVdP-EZ6WPiCCUUtDsdd-7ghEkjsllzbXy5DASMnCoqQQ&oe=68B5521A&_nc_sid=22de04,,2025-07-28 18:33:33,https://www.instagram.com/p/DMqxqqcSM1a,DMqxqqcSM1a
"Today is International Self-Care Day (24/7)!! 
A reminder that self-care isnt a luxury, its a necessity, 24 hours a day, 7 days a week.

 And you? How do you take care of yourself? Share in the comments.

#mentalhealthgrowshere #selfcareday",https://scontent-lga3-2.cdninstagram.com/v/t51.2885-15/522976122_17864516928430577_4008866731446770797_n.jpg?stp=dst-jpg_e15_tt6&efg=eyJ2ZW5jb2RlX3RhZyI6IkNMSVBTLmltYWdlX3VybGdlbi43NjB4MTM1MC5zZHIuZjgyNzg3LmRlZmF1bHRfY292ZXJfZnJhbWUuZXhwZXJpbWVudGFsIn0&_nc_ht=scontent-lga3-2.cdninstagram.com&_nc_cat=105&_nc_oc=Q6cZ2QGSzWTM2sh_5gq8NMpWguYKPeqatpW9G4PyaBgkdAHQIo286e57RbB-TfOVs0-J398&_nc_ohc=t27T0-nD4qsQ7kNvwEmfkJv&_nc_gid=kqSXx3KglzTZaq4PXwdR2A&edm=APoiHPcBAAAA&ccb=7-5&ig_cache_key=MzY4NDAxMzU4MTYyMTg1NTE5MzE3ODY0NTE2OTI1NDMwNTc3.3-ccb7-5&oh=00_AfVz4wFg6WpdH-9_NYPMo0nIzqH2C3S0BsW756ewqhT_7A&oe=68B56385&_nc_sid=22de04,https://scontent-lga3-1.cdninstagram.com/o1/v/t16/f2/m86/AQMxCKyhjre4l2k07uIL3xRCW4Z-awNwgoI5ho-lckRQ59iRFyEBcJ2XUmmKGCNbuhQ3YXi8ggUwJ8_ErpghJGUc34rS0wzZg7-e9i4.mp4?stp=dst-mp4&efg=eyJxZV9ncm91cHMiOiJbXCJpZ193ZWJfZGVsaXZlcnlfdnRzX290ZlwiXSIsInZlbmNvZGVfdGFnIjoidnRzX3ZvZF91cmxnZW4uY2xpcHMuZXhwZXJpbWVudGFsLjcyMC5iYXNlbGluZSJ9&_nc_cat=111&vs=1269174474759001_507427696&_nc_vs=HBksFQIYUmlnX3hwdl9yZWVsc19wZXJtYW5lbnRfc3JfcHJvZC85MjQ4OTlFOTZBNzE4ODIzM0NCQzk1MTFCOURBMzFCM192aWRlb19kYXNoaW5pdC5tcDQVAALIARIAFQIYOnBhc3N0aHJvdWdoX2V2ZXJzdG9yZS9HT3pWSEI5M2ZFT1NTOU1KQUxoek50cm4yTW84YnFfRUFBQUYVAgLIARIAKAAYABsAFQAAJrKIztjqnPw%2FFQIoAkMzLBdAWWIcrAgxJxgSZGFzaF9iYXNlbGluZV8xX3YxEQB1%2Fgdl5p0BAA%3D%3D&_nc_rid=d88c2386ae&ccb=9-4&oh=00_AfXehf59f9PAU5EoInnoUvBySCTFDQl7bqyTYfH8F0OJrg&oe=68B165EB&_nc_sid=22de04,2025-07-24 16:28:19,https://www.instagram.com/p/DMgPtVwSQPZ,DMgPtVwSQPZ
"We all deserve care! You find ways to care for yourself with $25...Now help a woman coffee farmer access high-quality care so that she can live a healthier and more fulfilling life with those same $25 . 

For just $25/month, you can support a woman coffee farmers mental health journey and get access to our program SANA. 
 Make your $25/month donation at www.sanaprograms.org/donate (Link in our bio) 

 We also want to hear from you! What would you buy with $25 to care for yourself? Tag us and share with your community.",https://scontent-lga3-2.cdninstagram.com/v/t51.2885-15/522560625_17864395266430577_9155962795682875735_n.jpg?stp=dst-jpg_e35_tt6&efg=eyJ2ZW5jb2RlX3RhZyI6IkNBUk9VU0VMX0lURU0uaW1hZ2VfdXJsZ2VuLjEwODB4MTM1MC5zZHIuZjgyNzg3LmRlZmF1bHRfaW1hZ2UuZXhwZXJpbWVudGFsIn0&_nc_ht=scontent-lga3-2.cdninstagram.com&_nc_cat=105&_nc_oc=Q6cZ2QGSzWTM2sh_5gq8NMpWguYKPeqatpW9G4PyaBgkdAHQIo286e57RbB-TfOVs0-J398&_nc_ohc=NRbbqwIPt0gQ7kNvwEhMVW7&_nc_gid=kqSXx3KglzTZaq4PXwdR2A&edm=APoiHPcBAAAA&ccb=7-5&ig_cache_key=MzY4MzI3MjU5MDExNTk4MzQyNw%3D%3D.3-ccb7-5&oh=00_AfW9lneCrRrHmg2Eo_eU5ObNeDbjwG7tEPUppwv3u1P3Fw&oe=68B54D0E&_nc_sid=22de04,,2025-07-23 15:53:59,https://www.instagram.com/p/DMdnOp5Ss6C,DMdnOp5Ss6C
" Happy World Brain Day! 
Although the brain makes up only 2% of the body weight, it uses 20% of our daily energy. Every thought, emotion, and decision depends on it.

At SANA, we know that the brain, body, and mental health are deeply connected. When one is out of balance, the others feel it too. Thats why we support women coffee farmers in Colombia with integrative mental health care and wellness programs that nurture the mind and nervous system, helping them process stress, build resilience, and feel supported. 

Swipe through this post to find 5 neuroscience-backed tips to care for your brain and protect your emotional well-being.

Lets honor this incredible organ ! Feel free to share any other tips in the comment section. 

#worldbrainday # mentalhealth #womenincoffee #coffeefarmers #sanaprograms #mentalhealthgrowshere",https://scontent-lga3-2.cdninstagram.com/v/t51.2885-15/522405258_17864242173430577_2644159123286045783_n.jpg?stp=dst-jpg_e35_tt6&efg=eyJ2ZW5jb2RlX3RhZyI6IkNBUk9VU0VMX0lURU0uaW1hZ2VfdXJsZ2VuLjEwODB4MTM1MC5zZHIuZjgyNzg3LmRlZmF1bHRfaW1hZ2UuZXhwZXJpbWVudGFsIn0&_nc_ht=scontent-lga3-2.cdninstagram.com&_nc_cat=105&_nc_oc=Q6cZ2QGSzWTM2sh_5gq8NMpWguYKPeqatpW9G4PyaBgkdAHQIo286e57RbB-TfOVs0-J398&_nc_ohc=na2XATBeVdMQ7kNvwHXjIU_&_nc_gid=kqSXx3KglzTZaq4PXwdR2A&edm=APoiHPcBAAAA&ccb=7-5&ig_cache_key=MzY4MjM5MDg1MzU1MzQyMTY4NQ%3D%3D.3-ccb7-5&oh=00_AfWBK0EAepJKyYBc2kIUg9_iqAlC6IMiqvVDHvFRzw5FBg&oe=68B54C03&_nc_sid=22de04,,2025-07-22 18:33:36,https://www.instagram.com/p/DMaevnxs_Gh,DMaevnxs_Gh
"In their words: Niyider participated in our pilot program, and here is a short testimonial about her experience. 

Remember mental health is deeply connected to physical health too, and Niyider is a big example of this. 

Join our movement and donate to support a woman coffee farmer like Niyider to live a healthier and more fulfilling life. 

#SANAProgram #MentalHealthGrowsHere #Coffeeindustry #womenincoffee #womencoffeefarmers #mentalhealth #ruralmentalhealth",https://scontent-lga3-2.cdninstagram.com/v/t51.2885-15/520440741_17863767462430577_4820948637317494242_n.jpg?stp=dst-jpg_e35_tt6&efg=eyJ2ZW5jb2RlX3RhZyI6IkZFRUQuaW1hZ2VfdXJsZ2VuLjEzNTB4MTY4Ny5zZHIuZjgyNzg3LmRlZmF1bHRfaW1hZ2UuZXhwZXJpbWVudGFsIn0&_nc_ht=scontent-lga3-2.cdninstagram.com&_nc_cat=105&_nc_oc=Q6cZ2QGSzWTM2sh_5gq8NMpWguYKPeqatpW9G4PyaBgkdAHQIo286e57RbB-TfOVs0-J398&_nc_ohc=dqO5is2dJvIQ7kNvwEaiHwo&_nc_gid=kqSXx3KglzTZaq4PXwdR2A&edm=APoiHPcBAAAA&ccb=7-5&ig_cache_key=MzY3OTY1NzQ0MzY2NTE4OTYyNA%3D%3D.3-ccb7-5&oh=00_AfUkC_roi5r_HibQJnbDRzYDey4-B2Xqavvv4yDwljSrEw&oe=68B5670F&_nc_sid=22de04,,2025-07-18 16:09:32,https://www.instagram.com/p/DMQxPMIyRr4,DMQxPMIyRr4
"Making coffee is a lot like taking care of our well-being. We need time, care, and the right ingredients.

We cant rush the process. 
We grind, pour, wait, and breathe.

Like every delicious cup, every step toward our well-being is worth it!

Remember gender equity starts with mental health! Learn more about our work at: www.sanaprograms.org 

#mentalhealthgrowshere #mentalhealthawareness #womencoffeefarmers #sanaprogram #coffeeindustry #mentalhealthmatters #womenincoffee",https://scontent-lga3-2.cdninstagram.com/v/t51.2885-15/519942007_17863658637430577_6678127509568081564_n.jpg?stp=dst-jpg_e15_tt6&efg=eyJ2ZW5jb2RlX3RhZyI6IkNMSVBTLmltYWdlX3VybGdlbi4xMDgweDE5MjAuc2RyLmY4Mjc4Ny5kZWZhdWx0X2NvdmVyX2ZyYW1lLmV4cGVyaW1lbnRhbCJ9&_nc_ht=scontent-lga3-2.cdninstagram.com&_nc_cat=105&_nc_oc=Q6cZ2QGSzWTM2sh_5gq8NMpWguYKPeqatpW9G4PyaBgkdAHQIo286e57RbB-TfOVs0-J398&_nc_ohc=2Wir0MLREG4Q7kNvwHPEu_T&_nc_gid=kqSXx3KglzTZaq4PXwdR2A&edm=APoiHPcBAAAA&ccb=7-5&ig_cache_key=MzY3OTA0NDMwNzU1NTg0MzM3NQ%3D%3D.3-ccb7-5&oh=00_AfXynjnTEuU_GKAZS6L59Pusg6-0HJyTW-cWC4wzmoaiaw&oe=68B547EA&_nc_sid=22de04,https://scontent-lga3-3.cdninstagram.com/o1/v/t16/f2/m86/AQNClFDpjKAmQErN88WykQBhKsLAtkMNGlJOXGH3AItI1r3KZV9eiawXHHsebclBu1Q5qjMube2UTqbjj_vfx_n0C6qCMmm-LMVqW5g.mp4?stp=dst-mp4&efg=eyJxZV9ncm91cHMiOiJbXCJpZ193ZWJfZGVsaXZlcnlfdnRzX290ZlwiXSIsInZlbmNvZGVfdGFnIjoidnRzX3ZvZF91cmxnZW4uY2xpcHMuZXhwZXJpbWVudGFsLjcyMC5iYXNlbGluZSJ9&_nc_cat=108&vs=658695653893707_1336308463&_nc_vs=HBksFQIYUmlnX3hwdl9yZWVsc19wZXJtYW5lbnRfc3JfcHJvZC8yMjQwMDFEMDk4MEUxNDFCREU1MEM1Q0M1RTY1RjFCNl92aWRlb19kYXNoaW5pdC5tcDQVAALIARIAFQIYOnBhc3N0aHJvdWdoX2V2ZXJzdG9yZS9HSlQxQ3gtekdnQ2FjeG9GQUhZMzQteHJvVDlGYnFfRUFBQUYVAgLIARIAKAAYABsAFQAAJuDIucq%2F2JhAFQIoAkMzLBdAOap%2B%2Bdsi0RgSZGFzaF9iYXNlbGluZV8xX3YxEQB1%2Fgdl5p0BAA%3D%3D&_nc_rid=d88c29d095&ccb=9-4&oh=00_AfUxl-ThMjI-K0XunxVD2B7sB9LoKiJUr9wMHKxomIjhNg&oe=68B1659F&_nc_sid=22de04,2025-08-26 12:06:50,https://www.instagram.com/p/DMOl04oyf0v,DMOl04oyf0v
"Big News: Our Trusted Partner Behind the Scenes 

Were proud to share that @beanvoyagecoffee is more than a friend to SANA  theyre our fiscal sponsor. 

 What does that mean?
Because of this partnership:
 we can collect tax-deductible donations in the U.S. via Bean Voyage.
 Every dollar we raise is carefully tracked and audited. 
 100% of your donations go directly to fund SANAs mental health programs for women coffee farmers.

 And this partnership opens doors for future collaborations between Bean Voyage and SANA.

This partnership ensures transparency, accountability, and impact! 

Thank you, Bean Voyage, for believing in our mission and helping us build a healthier, more equitable coffee community. 

#SANAProgram #MentalHealthMatters #BeanVoyage #WomenCoffeeFarmers  #WellbeingInCoffee #FiscalSponsorship #WomeninCoffee",https://scontent-lga3-2.cdninstagram.com/v/t51.2885-15/520408136_17863492761430577_5573805986102647268_n.jpg?stp=dst-jpg_e35_tt6&efg=eyJ2ZW5jb2RlX3RhZyI6IkNBUk9VU0VMX0lURU0uaW1hZ2VfdXJsZ2VuLjEwODB4MTM1MC5zZHIuZjgyNzg3LmRlZmF1bHRfaW1hZ2UuZXhwZXJpbWVudGFsIn0&_nc_ht=scontent-lga3-2.cdninstagram.com&_nc_cat=105&_nc_oc=Q6cZ2QGSzWTM2sh_5gq8NMpWguYKPeqatpW9G4PyaBgkdAHQIo286e57RbB-TfOVs0-J398&_nc_ohc=4W9H-3jCHWgQ7kNvwHQrulA&_nc_gid=kqSXx3KglzTZaq4PXwdR2A&edm=APoiHPcBAAAA&ccb=7-5&ig_cache_key=MzY3ODA0MTg4MTA0NDk5ODMxNg%3D%3D.3-ccb7-5&oh=00_AfXWkU19x6l03CsRg12qVCRRpkR1wfGGRvfTRqZShWbpFQ&oe=68B576A2&_nc_sid=22de04,,2025-07-16 10:53:38,https://www.instagram.com/p/DMLB5xzsJqE,DMLB5xzsJqE
"Gender equity starts from within. 

It begins with mindset and limiting beliefs shift With emotional awareness and resilienceWith tools that help us navigate life with agency and care.
At SANA, we support women coffee farmers in strengthening their mental and emotional well-being, because when a woman feels grounded in her body and clear in her mind, she can thrive as a mother, farmer, leader, and changemaker.

Equity is both a collective and personal process. 

Learn about our program at: sanaprograms.org

#SANAprogram #GenderEquity #WomeninCoffee #womencoffeefarmers #mentalhealth",https://scontent-lga3-2.cdninstagram.com/v/t51.2885-15/521011247_17863406526430577_3164183473838224156_n.jpg?stp=dst-jpg_e35_tt6&efg=eyJ2ZW5jb2RlX3RhZyI6IkZFRUQuaW1hZ2VfdXJsZ2VuLjEzNTB4MTY4Ny5zZHIuZjgyNzg3LmRlZmF1bHRfaW1hZ2UuZXhwZXJpbWVudGFsIn0&_nc_ht=scontent-lga3-2.cdninstagram.com&_nc_cat=105&_nc_oc=Q6cZ2QGSzWTM2sh_5gq8NMpWguYKPeqatpW9G4PyaBgkdAHQIo286e57RbB-TfOVs0-J398&_nc_ohc=bUYaX8FsrHQQ7kNvwEDOs0m&_nc_gid=kqSXx3KglzTZaq4PXwdR2A&edm=APoiHPcBAAAA&ccb=7-5&ig_cache_key=MzY3NzUwNTUyMDU4OTg2MTM2Nw%3D%3D.3-ccb7-5&oh=00_AfV-Ak9m-hgL6DABDERPuCwh2NN5orwHJj_8DLzRtQnnsQ&oe=68B559FD&_nc_sid=22de04,,2025-07-15 16:56:23,https://www.instagram.com/p/DMJH8lmS_H3,DMJH8lmS_H3
"Our founder @luciabawot comes today with exciting updates: 35 women coffee farmers and pickers from four different regions of Colombia (Nario, Huila, Santander, and Tolima) have already started our five-month program and will prioritize their mental health and well-being thanks to our donors. 

If you want to help us reach our 2025 goal of reaching 120 women, help us donate. Every dollar counts in helping us move our mission forward. Go to: sanaprograms.org/donate 

#womenincoffee #womencoffeefarmers #ruralmentalhealth #coffeeindustry #genderquity #mentalhealthgrowshere",https://scontent-lga3-2.cdninstagram.com/v/t51.2885-15/519622536_17863297056430577_7519274714661072480_n.jpg?stp=dst-jpg_e15_tt6&efg=eyJ2ZW5jb2RlX3RhZyI6IkNMSVBTLmltYWdlX3VybGdlbi4xMDgweDE5MjAuc2RyLmY4Mjc4Ny5kZWZhdWx0X2NvdmVyX2ZyYW1lLmV4cGVyaW1lbnRhbCJ9&_nc_ht=scontent-lga3-2.cdninstagram.com&_nc_cat=105&_nc_oc=Q6cZ2QGSzWTM2sh_5gq8NMpWguYKPeqatpW9G4PyaBgkdAHQIo286e57RbB-TfOVs0-J398&_nc_ohc=XwwRCHjsN9AQ7kNvwH5Va47&_nc_gid=kqSXx3KglzTZaq4PXwdR2A&edm=APoiHPcBAAAA&ccb=7-5&ig_cache_key=MzY3NjgyMzczNTYyNzE2OTM1NjE3ODYzMjk3MDUzNDMwNTc3.3-ccb7-5&oh=00_AfXtDMSwDvLzpTFmBh1UZxXa9oDD_yNQ6TmxWjvu9QBB2g&oe=68B560CD&_nc_sid=22de04,https://scontent-lga3-2.cdninstagram.com/o1/v/t16/f2/m86/AQNRGYCBivndL8ltBCWozjSGChbmsmTG_wU4pYIst2-FTsmXQ8pV2SkR_5BQwPD9v79gs1TWd8QTO6phHtJhYBjUs2D1BVe2bmVPNBY.mp4?stp=dst-mp4&efg=eyJxZV9ncm91cHMiOiJbXCJpZ193ZWJfZGVsaXZlcnlfdnRzX290ZlwiXSIsInZlbmNvZGVfdGFnIjoidnRzX3ZvZF91cmxnZW4uY2xpcHMuZXhwZXJpbWVudGFsLjcyMC5iYXNlbGluZSJ9&_nc_cat=109&vs=1003030288416426_3156155536&_nc_vs=HBksFQIYUmlnX3hwdl9yZWVsc19wZXJtYW5lbnRfc3JfcHJvZC85ODQwMkYyNjZBQzNCRTNCQTI0RDY5MDMxMDg0QkRCMl92aWRlb19kYXNoaW5pdC5tcDQVAALIARIAFQIYOnBhc3N0aHJvdWdoX2V2ZXJzdG9yZS9HRmE0QlItRmYwSV81WndDQUtHaE9oLXRFaUlkYnFfRUFBQUYVAgLIARIAKAAYABsAFQAAJsjj0L%2FM%2F6VAFQIoAkMzLBdASrdsi0OVgRgSZGFzaF9iYXNlbGluZV8xX3YxEQB1%2Fgdl5p0BAA%3D%3D&_nc_rid=d88c2df685&ccb=9-4&oh=00_AfU1dzGBeEnWIMh1-PpTZAgCtcBF21rTLhhw4I97Z5rLrA&oe=68B176C6&_nc_sid=22de04,2025-07-14 18:21:00,https://www.instagram.com/p/DMGs7T3yD5M,DMGs7T3yD5M
" Taste 10 award-winning Costa Rican coffees.
 Support women coffee farmers mental health.
 Join @sana_programs, @sccoffecompany , @driftawaycoffee & @sca_cr for a special Cup of Excellence tasting!

Well be cupping some of this years top Costa Rican coffeesall Cup of Excellence winnersand raising funds for SANA, a wellness program supporting women coffee producers.

 Driftaway Coffee, Brooklyn
 Sunday, July 27 at 11am
 Suggested donation: $15 (every bit helps!)

Open to allRSVP through the link in bio!",https://scontent-lga3-2.cdninstagram.com/v/t51.2885-15/519679193_18520975258019395_4014010356391652751_n.jpg?stp=dst-jpg_e35_tt6&efg=eyJ2ZW5jb2RlX3RhZyI6IkNBUk9VU0VMX0lURU0uaW1hZ2VfdXJsZ2VuLjEwODB4MTM1MC5zZHIuZjgyNzg3LmRlZmF1bHRfaW1hZ2UuZXhwZXJpbWVudGFsIn0&_nc_ht=scontent-lga3-2.cdninstagram.com&_nc_cat=107&_nc_oc=Q6cZ2QGSzWTM2sh_5gq8NMpWguYKPeqatpW9G4PyaBgkdAHQIo286e57RbB-TfOVs0-J398&_nc_ohc=cKkt2gf-w44Q7kNvwHak97x&_nc_gid=kqSXx3KglzTZaq4PXwdR2A&edm=APoiHPcBAAAA&ccb=7-5&ig_cache_key=MzY3Njc1MzkzMzEzMDY3MzEzMA%3D%3D.3-ccb7-5&oh=00_AfXXhEeK2vX52K9uIwJUFE6tQFm5eM4f28EOa5s8Le6c6Q&oe=68B5773F&_nc_sid=22de04,,2025-07-14 16:00:50,https://www.instagram.com/p/DMGdDweRObm,DMGdDweRObm
"La equidad de gnero y la salud mental deben hacer parte de las agendas de sostenibilidad de todas las empresas de caf.
No podemos solamente enfocarnos en lo ambiental. Tenemos que empezar a pensar en lo humano. Porque esto es una industria de seres humanos
Increble presentacin del proyecto @sana_programs por parte de @luciabawot , todos salimos inspirados por su compromiso con la salud mental y el bienestar de muchas mujeres en los cafetales. La sesin ha sido todo un xito, muchas gracias a los 33 participantes por sus preguntas, palabras de apoyo y presencia en esta ponencia.",https://scontent-lga3-3.cdninstagram.com/v/t51.2885-15/517345972_17929330098073246_863487938824231277_n.jpg?stp=dst-jpg_e35_tt6&efg=eyJ2ZW5jb2RlX3RhZyI6IkZFRUQuaW1hZ2VfdXJsZ2VuLjEyODB4ODMyLnNkci5mODI3ODcuZGVmYXVsdF9pbWFnZS5leHBlcmltZW50YWwifQ&_nc_ht=scontent-lga3-3.cdninstagram.com&_nc_cat=110&_nc_oc=Q6cZ2QGSzWTM2sh_5gq8NMpWguYKPeqatpW9G4PyaBgkdAHQIo286e57RbB-TfOVs0-J398&_nc_ohc=yIhUjZE6D_kQ7kNvwFM_nrH&_nc_gid=kqSXx3KglzTZaq4PXwdR2A&edm=APoiHPcBAAAA&ccb=7-5&ig_cache_key=MzY3Mzg4NTUyOTY5OTkzNTMxNQ%3D%3D.3-ccb7-5&oh=00_AfXEp5j_L0WG9mocIyWQFJcPKR8_0q-T9OqWHPPsHzHh5w&oe=68B54730&_nc_sid=22de04,,2025-07-10 17:06:27,https://www.instagram.com/p/DL8Q2yXNmRT,DL8Q2yXNmRT
"Were thrilled to introduce you to the incredible humans on SANAs Advisory Board, the very first to believe in our mission and support it from day one.

These are leaders, thinkers, and doers from across the coffee, mental health, and social impact sectors. Theyve helped shape SANA with their insights, encouragement, and belief that mental health care should be accessible to every woman coffee farmer. Also, they have made a commitment of sponsoring yearly a cohort of 10 women 

 Have questions about SANA? Curious how to get involved? These are the folks you can reach out to  theyve got our back, and yours.

Thank you, dear board 

 Swipe to meet them Or visit sanaprograms.org/ourteam to learn more",https://scontent-lga3-2.cdninstagram.com/v/t51.2885-15/517238708_17862646470430577_6873988867879112792_n.jpg?stp=dst-jpg_e35_tt6&efg=eyJ2ZW5jb2RlX3RhZyI6IkNBUk9VU0VMX0lURU0uaW1hZ2VfdXJsZ2VuLjEwODB4MTM1MC5zZHIuZjgyNzg3LmRlZmF1bHRfaW1hZ2UuZXhwZXJpbWVudGFsIn0&_nc_ht=scontent-lga3-2.cdninstagram.com&_nc_cat=105&_nc_oc=Q6cZ2QGSzWTM2sh_5gq8NMpWguYKPeqatpW9G4PyaBgkdAHQIo286e57RbB-TfOVs0-J398&_nc_ohc=fyfCKHgKqboQ7kNvwEJZUxB&_nc_gid=kqSXx3KglzTZaq4PXwdR2A&edm=APoiHPcBAAAA&ccb=7-5&ig_cache_key=MzY3MzAwNDk2NDQxNDk5NjEzMA%3D%3D.3-ccb7-5&oh=00_AfUENrNLkuDWSq7iLtnFaytPmfTDMthvNH8u8oGTLvrXPg&oe=68B554CB&_nc_sid=22de04,,2025-07-09 11:52:16,https://www.instagram.com/p/DL5Io_-Mq6q,DL5Io_-Mq6q
"Five out of the 547 cups of coffee 60% coffee drinks annual coffee consumption can support a woman coffee farmers mental health and wellbeing. Yes! $25 dollars can move our mission forward. Wanna be part of this movement. Donate today at: www.sanaprograms.org/donate 

Source: driveresearch.com/market-research-company-blog/coffee-survey 

#Womenincoffee #coffeeindustry #womencoffeefarmers #mentalhealthmatters #ruralmentalhealth #coffeedaily",https://scontent-lga3-2.cdninstagram.com/v/t51.2885-15/516675265_17862439080430577_8403595450859797051_n.jpg?stp=dst-jpg_e35_tt6&efg=eyJ2ZW5jb2RlX3RhZyI6IkNBUk9VU0VMX0lURU0uaW1hZ2VfdXJsZ2VuLjEwODB4MTM1MC5zZHIuZjgyNzg3LmRlZmF1bHRfaW1hZ2UuZXhwZXJpbWVudGFsIn0&_nc_ht=scontent-lga3-2.cdninstagram.com&_nc_cat=105&_nc_oc=Q6cZ2QGSzWTM2sh_5gq8NMpWguYKPeqatpW9G4PyaBgkdAHQIo286e57RbB-TfOVs0-J398&_nc_ohc=CDUDme9vyQQQ7kNvwEitmAX&_nc_gid=kqSXx3KglzTZaq4PXwdR2A&edm=APoiHPcBAAAA&ccb=7-5&ig_cache_key=MzY3MTY3OTQ5NzI1MTkxNTY5Mg%3D%3D.3-ccb7-5&oh=00_AfUAEJZlmHi3Hb4zCQNaCGGjnA9MuDzcRtXJhMX_zg4D7w&oe=68B54696&_nc_sid=22de04,,2025-07-07 16:01:26,https://www.instagram.com/p/DL0bQ6fSJJA,DL0bQ6fSJJA
"When we tend to the mind, we grow unshakable roots and the courage to keep going.
In the fields, roots hold the soil. In life, its our mental health that holds us steady.

At SANA, we walk alongside women coffee farmers and pickers as they care for their inner worldsometimes for the very first time. Through safe, culturally-sensitive spaces, we nurture resilience, emotional awareness, and dignity from the inside out.

Because when a woman feels supported in her mind and heart, everything changes: her strength, her choices, her future.

#SANAprogram #womenincoffee #coffeeindustry #womencoffeefarmers #SaludMentalRural #mentalhealthgrowshere #MujeresDelCaf #StrongMindsStrongCommunities #BienestarEmocional",https://scontent-atl3-2.cdninstagram.com/v/t51.2885-15/514804470_17861961903430577_4595235797837394671_n.jpg?stp=dst-jpg_e35_tt6&efg=eyJ2ZW5jb2RlX3RhZyI6IkZFRUQuaW1hZ2VfdXJsZ2VuLjEzNTB4MTY4Ny5zZHIuZjgyNzg3LmRlZmF1bHRfaW1hZ2UuYzIifQ&_nc_ht=scontent-atl3-2.cdninstagram.com&_nc_cat=105&_nc_oc=Q6cZ2QG3LO3haT_x-9ScOEcsJR1J9yhU7DcKLCYOiwyaJq181SqCTrRg3yAs5G1jNoGrD1I&_nc_ohc=6-ZdMfAaiDMQ7kNvwFPMri0&_nc_gid=-YPbQddr-xUm-tXnOfS4IQ&edm=APoiHPcBAAAA&ccb=7-5&ig_cache_key=MzY2ODgwNzUxNzg1OTQyMzMyOQ%3D%3D.3-ccb7-5&oh=00_AfWdPBCYwhyFvk2XwX3bxlE2Uk4I1cKRhvKzkHAicRL3AQ&oe=68B559DC&_nc_sid=22de04,,2025-07-03 16:52:40,https://www.instagram.com/p/DLqOP_TSyRh,DLqOP_TSyRh
" Huge congratulations to Lucia and the incredible Sana Nonprofit team for their powerful work supporting womens mental health and wellness across coffee-growing communities around the world.  Your compassion and commitment are changing lives, one woman at a time.

Lets keep the momentum goingjoin us in supporting their mission by contributing to this vital cause. Every donation helps bring healing, strength, and opportunity. 

 www.sanaprograms.org
#SupportSana #MentalHealthMatters #WomenInCoffee #WellnessForAll #SanaNonprofit #StrongerTogether",https://scontent-atl3-3.cdninstagram.com/v/t51.2885-15/514712621_18310377958212239_7112404660136286472_n.jpg?stp=dst-jpg_e35_tt6&efg=eyJ2ZW5jb2RlX3RhZyI6IkZFRUQuaW1hZ2VfdXJsZ2VuLjEzNTB4MTY4OC5zZHIuZjgyNzg3LmRlZmF1bHRfaW1hZ2UuYzIifQ&_nc_ht=scontent-atl3-3.cdninstagram.com&_nc_cat=111&_nc_oc=Q6cZ2QG3LO3haT_x-9ScOEcsJR1J9yhU7DcKLCYOiwyaJq181SqCTrRg3yAs5G1jNoGrD1I&_nc_ohc=q3q5L7UPYPIQ7kNvwHVdixC&_nc_gid=-YPbQddr-xUm-tXnOfS4IQ&edm=APoiHPcBAAAA&ccb=7-5&ig_cache_key=MzY2ODE2NDY3MTMzODkyNTkyNA%3D%3D.3-ccb7-5&oh=00_AfWM-vmK-zAt6Xtgbd91O24f6ADBQArnqy6FGzhBBHAV1A&oe=68B576EC&_nc_sid=22de04,,2025-07-02 19:49:53,https://www.instagram.com/p/DLn8FV0y09k,DLn8FV0y09k
"Learn more about our program and the type of interventions and services we provide to support the mental health and well-being of women coffee farmers. 

With a donation of $25 monthly, you can support a woman to get access to a full SANA program. Join this movement at www.sanaprograms.org/donate",https://scontent-atl3-2.cdninstagram.com/v/t51.2885-15/515453059_17861840760430577_638744641101061190_n.jpg?stp=dst-jpg_e35_tt6&efg=eyJ2ZW5jb2RlX3RhZyI6IkNBUk9VU0VMX0lURU0uaW1hZ2VfdXJsZ2VuLjEwODB4MTM1MC5zZHIuZjgyNzg3LmRlZmF1bHRfaW1hZ2UuYzIifQ&_nc_ht=scontent-atl3-2.cdninstagram.com&_nc_cat=105&_nc_oc=Q6cZ2QG3LO3haT_x-9ScOEcsJR1J9yhU7DcKLCYOiwyaJq181SqCTrRg3yAs5G1jNoGrD1I&_nc_ohc=igDWKWqbGTcQ7kNvwF7w3UJ&_nc_gid=-YPbQddr-xUm-tXnOfS4IQ&edm=APoiHPcBAAAA&ccb=7-5&ig_cache_key=MzY2ODA4NTkwMjQ3NzUzMTA3OQ%3D%3D.3-ccb7-5&oh=00_AfU3j5zzvmxiPTMkjA56KZ-1D7zDvqfjDO7vzCPF2SiAHA&oe=68B5574A&_nc_sid=22de04,,2025-07-02 16:58:59,https://www.instagram.com/p/DLnqLTjy9gi,DLnqLTjy9gi
"Its been a week since we launched, and weve already raised USD $10,400  29% of our 2025 goal!  

Were so grateful to everyone who has shared our mission and especially to those who have donated. Your contributions are what move our mission forward. Do you want to support the mental health and well-being of women coffee farmers? 

A gift of $25 can provide a full month of support for one woman. Make your donation here: www.sanaprograms.org/donate 

#MentalHealthGrowsHere #womenincoffee #coffeeindustry #mentalhealthmatters",https://scontent-atl3-2.cdninstagram.com/v/t51.2885-15/514501955_17861607204430577_5156361960917791994_n.jpg?stp=dst-jpg_e35_tt6&efg=eyJ2ZW5jb2RlX3RhZyI6IkZFRUQuaW1hZ2VfdXJsZ2VuLjEyMDB4MTIwMC5zZHIuZjc1NzYxLmRlZmF1bHRfaW1hZ2UuYzIifQ&_nc_ht=scontent-atl3-2.cdninstagram.com&_nc_cat=105&_nc_oc=Q6cZ2QG3LO3haT_x-9ScOEcsJR1J9yhU7DcKLCYOiwyaJq181SqCTrRg3yAs5G1jNoGrD1I&_nc_ohc=IGExFMEUL1QQ7kNvwECPdg-&_nc_gid=-YPbQddr-xUm-tXnOfS4IQ&edm=APoiHPcBAAAA&ccb=7-5&ig_cache_key=MzY2NjY4MTg0NDA3MjA5OTgxNQ%3D%3D.3-ccb7-5&oh=00_AfXXhZk1BIwd3x_fLRPG6U7uOeNksjLIygtz2EtU5x3z7w&oe=68B570DC&_nc_sid=22de04,,2025-06-30 18:29:21,https://www.instagram.com/p/DLiq7XUSq_n,DLiq7XUSq_n
"Today is #NationalCoffeeDay in Colombia ! Join me in celebrating in a different and impactful way. Lets skip out on our Saturday cappuccino or latte and donate those 5 dollars to @sana_programs to support the mental health and wellbeing of #womencoffeefarmers. Do you want to join me? Please donate at www.sanaprograms.org/donate or go to the link in my bio. 

#SANAProgram #MentalHealthGrowsHere #Womenincoffee #coffeeindustry 

Do you want your join me?",https://scontent-atl3-2.cdninstagram.com/v/t51.2885-15/503474340_18014973833725778_432903530258253671_n.jpg?stp=dst-jpg_e15_tt6&efg=eyJ2ZW5jb2RlX3RhZyI6IkNMSVBTLmltYWdlX3VybGdlbi4xMDgweDE5MjAuc2RyLmY3NTc2MS5kZWZhdWx0X2NvdmVyX2ZyYW1lLmMyIn0&_nc_ht=scontent-atl3-2.cdninstagram.com&_nc_cat=102&_nc_oc=Q6cZ2QG3LO3haT_x-9ScOEcsJR1J9yhU7DcKLCYOiwyaJq181SqCTrRg3yAs5G1jNoGrD1I&_nc_ohc=-m-zcj9uH4EQ7kNvwEenFT3&_nc_gid=-YPbQddr-xUm-tXnOfS4IQ&edm=APoiHPcBAAAA&ccb=7-5&ig_cache_key=MzY2NDQ1NzAwMTY5NjAyOTcyODE4MDE0OTczODMwNzI1Nzc4.3-ccb7-5&oh=00_AfWRGXxqRVLNUFDYssAu0lP5TQTRO2vQzbSgObBlY3vDsg&oe=68B54DF7&_nc_sid=22de04,https://scontent-atl3-2.cdninstagram.com/o1/v/t16/f2/m86/AQPwmWwLkoULhEGExFoCLbZcu4uXhYbvF182KSrMC3-J2UtcM_2GcThyteCxsENbcEuYpByN_Mho0ClgXb2ZLojuV1dzhPeuBdVaKGw.mp4?stp=dst-mp4&efg=eyJxZV9ncm91cHMiOiJbXCJpZ193ZWJfZGVsaXZlcnlfdnRzX290ZlwiXSIsInZlbmNvZGVfdGFnIjoidnRzX3ZvZF91cmxnZW4uY2xpcHMuYzIuNzIwLmJhc2VsaW5lIn0&_nc_cat=102&vs=730445002798045_4292084525&_nc_vs=HBksFQIYUmlnX3hwdl9yZWVsc19wZXJtYW5lbnRfc3JfcHJvZC8xMzRFRTlGRDVGQkI1RjYxNjRDRDk1OEVBQjYzOTE4RV92aWRlb19kYXNoaW5pdC5tcDQVAALIARIAFQIYOnBhc3N0aHJvdWdoX2V2ZXJzdG9yZS9HSEV5ZkI1UXowOHFSa1FFQUI3anRUUmIxdk1wYnFfRUFBQUYVAgLIARIAKAAYABsAFQAAJuSs0I%2B1t6RBFQIoAkMzLBdAVKQ5WBBiThgSZGFzaF9iYXNlbGluZV8xX3YxEQB1%2Fgdl5p0BAA%3D%3D&_nc_rid=cc51884142&ccb=9-4&oh=00_AfVbwXMnkkyVa-LWoF6RIwygRZxUu55rFt5R_VfNi9uWeA&oe=68B1601E&_nc_sid=22de04,2025-06-27 16:51:34,https://www.instagram.com/p/DLaxDpYyOwg,DLaxDpYyOwg
"In their words, Carmen participated in our pilot program, and here is a short testimonial about her experience. 

Remember mental health is coffee sustainability too. 

Join our movement and make a donation to help a woman coffee farmer like Carmen access mental health and wellness support. 

#SANAProgram #MentalHealthGrowsHere #Coffeeindustry #womenincoffee #womencoffeefarmers #mentalhealth #ruralmentalhealth",https://scontent-atl3-2.cdninstagram.com/v/t51.2885-15/513692100_17860983681430577_2594110166551355184_n.jpg?stp=dst-jpg_e35_tt6&efg=eyJ2ZW5jb2RlX3RhZyI6IkZFRUQuaW1hZ2VfdXJsZ2VuLjEzNTB4MTY4Ny5zZHIuZjc1NzYxLmRlZmF1bHRfaW1hZ2UuYzIifQ&_nc_ht=scontent-atl3-2.cdninstagram.com&_nc_cat=105&_nc_oc=Q6cZ2QG3LO3haT_x-9ScOEcsJR1J9yhU7DcKLCYOiwyaJq181SqCTrRg3yAs5G1jNoGrD1I&_nc_ohc=xUbDYFdRURwQ7kNvwFVL8_8&_nc_gid=-YPbQddr-xUm-tXnOfS4IQ&edm=APoiHPcBAAAA&ccb=7-5&ig_cache_key=MzY2MjkyMzAzNDgyMzkxMjA0Ng%3D%3D.3-ccb7-5&oh=00_AfVQodGETlGUuC4mJlsQJO7MXShcVs4X4DGMDCMr3BnVrA&oe=68B56E7E&_nc_sid=22de04,,2025-06-25 14:02:27,https://www.instagram.com/p/DLVURfaRmpu,DLVURfaRmpu
"Do you want to be part of the SANA movement of supporting women coffee farmers to live healthier and more fulling lives through a mental health care and wellness program? Look not further! 

Your donations, whether big or small, are immensely valuable. Make your donation here: www.sanaprograms.org/donate 

Remember Mental health is sustainability too, and it should be part of the coffee sustainability agenda. 

#MentalHealthGrowsHere #GenderEquity #SANAProgram #WomenCoffeeFarmers #CoffeeSustainability",https://scontent-atl3-2.cdninstagram.com/v/t51.2885-15/512193892_17860860519430577_8101401905243728712_n.jpg?stp=dst-jpg_e35_tt6&efg=eyJ2ZW5jb2RlX3RhZyI6IkZFRUQuaW1hZ2VfdXJsZ2VuLjEzNTB4MTY4Ny5zZHIuZjc1NzYxLmRlZmF1bHRfaW1hZ2UuYzIifQ&_nc_ht=scontent-atl3-2.cdninstagram.com&_nc_cat=105&_nc_oc=Q6cZ2QG3LO3haT_x-9ScOEcsJR1J9yhU7DcKLCYOiwyaJq181SqCTrRg3yAs5G1jNoGrD1I&_nc_ohc=em7SD8G9USQQ7kNvwFBrdbA&_nc_gid=-YPbQddr-xUm-tXnOfS4IQ&edm=APoiHPcBAAAA&ccb=7-5&ig_cache_key=MzY2MjE2ODY3NzIyMDA5OTAzOA%3D%3D.3-ccb7-5&oh=00_AfUTJltH0S1Sfm1-RJjiAuMx17ZbR3yTCAIbpEj_8rYcUg&oe=68B55FE8&_nc_sid=22de04,,2025-06-24 13:02:30,https://www.instagram.com/p/DLSowJJRCPe,DLSowJJRCPe
"Hello dear friends, Im beyond thrilled to finally share a project I have been building for a while: SANA (@sana_programs) a social-impact initiative that provides an integrative mental health care and wellness support for women coffee farmers. 

Through a 5-month program combining teletherapy, virtual education, and community-based support, SANA is meeting women where they are and walking with them toward becoming healthier and living more fulfilled lives.

Mental health isnt a privilege  its a human right.

Want to support?

Start giving at $25/month to support one womans mental health journey.
 Donate now: www.sanaprograms.org 

#SANAProgram #MentalHealthGrowsHere #genderquity #womencoffeefarmers #coffeeindustry #sustainability #womenincoffee #mentalhealthmatters",https://scontent-atl3-2.cdninstagram.com/v/t51.2885-15/509927693_18014536790725778_3057397227874735708_n.jpg?stp=dst-jpg_e15_tt6&efg=eyJ2ZW5jb2RlX3RhZyI6IkNMSVBTLmltYWdlX3VybGdlbi4xMDgweDE5MjAuc2RyLmY3NTc2MS5kZWZhdWx0X2NvdmVyX2ZyYW1lLmMyIn0&_nc_ht=scontent-atl3-2.cdninstagram.com&_nc_cat=102&_nc_oc=Q6cZ2QG3LO3haT_x-9ScOEcsJR1J9yhU7DcKLCYOiwyaJq181SqCTrRg3yAs5G1jNoGrD1I&_nc_ohc=kiN7L95MQG8Q7kNvwFwtcLD&_nc_gid=-YPbQddr-xUm-tXnOfS4IQ&edm=APoiHPcBAAAA&ccb=7-5&ig_cache_key=MzY2MTU2OTgwMTEyMzgzMjQ5NjE4MDE0NTM2Nzg0NzI1Nzc4.3-ccb7-5&oh=00_AfUHWl5BKOoyKivP-zuRESLlgh7vS2y3Ek4HdGl1MeQm3Q&oe=68B547C1&_nc_sid=22de04,https://scontent-atl3-1.cdninstagram.com/o1/v/t16/f2/m86/AQOvRDAoD_sfxZGGeChf3IUY2ghFmKwjOJ1-zNkg57xFn85jI8HTcCjb4inkUHrJE4iDIkAHcGCH_QtiLyUQTOTNzlhOxIDvw39wsoI.mp4?stp=dst-mp4&efg=eyJxZV9ncm91cHMiOiJbXCJpZ193ZWJfZGVsaXZlcnlfdnRzX290ZlwiXSIsInZlbmNvZGVfdGFnIjoidnRzX3ZvZF91cmxnZW4uY2xpcHMuYzIuNzIwLmJhc2VsaW5lIn0&_nc_cat=103&vs=642815545445305_1955339786&_nc_vs=HBksFQIYUmlnX3hwdl9yZWVsc19wZXJtYW5lbnRfc3JfcHJvZC9FMzQ4QUYyRDA5MTM0NzdCQzZCRkU0QTA2NUJEQzZBN192aWRlb19kYXNoaW5pdC5tcDQVAALIARIAFQIYOnBhc3N0aHJvdWdoX2V2ZXJzdG9yZS9HQlZpX1IxRFF2VlhOcGtKQUlmZERpNjRuVkFzYnFfRUFBQUYVAgLIARIAKAAYABsAFQAAJv6T26XusKpBFQIoAkMzLBdAYkVP3ztkWhgSZGFzaF9iYXNlbGluZV8xX3YxEQB1%2Fgdl5p0BAA%3D%3D&_nc_rid=cc51843c6e&ccb=9-4&oh=00_AfVMewZdl6Mnn-4KeO9noLdF1vFkrHlP2rHXrngfLUDynw&oe=68B15E71&_nc_sid=22de04,2025-06-24 07:55:47,https://www.instagram.com/p/DLQglWUSKKw,DLQglWUSKKw
"Tomorrow we officially launch and you will be able to become part of this movement and support women coffee farmers get access to mental health care and wellness resources 

#MentalHealthGrowsHere #SANAProgram #womencoffeefarmers #mentalhealthmatters #coffeeindustry #genderquity #mentalhealthishealth",https://scontent-atl3-2.cdninstagram.com/v/t51.2885-15/510959024_1065549891656773_2078876981126470106_n.jpg?stp=dst-jpg_e15_tt6&efg=eyJ2ZW5jb2RlX3RhZyI6IkNMSVBTLmltYWdlX3VybGdlbi42NDB4MTEzNi5zZHIuZjcxODc4Lm5mcmFtZV9jb3Zlcl9mcmFtZS5jMiJ9&_nc_ht=scontent-atl3-2.cdninstagram.com&_nc_cat=101&_nc_oc=Q6cZ2QG3LO3haT_x-9ScOEcsJR1J9yhU7DcKLCYOiwyaJq181SqCTrRg3yAs5G1jNoGrD1I&_nc_ohc=KEygGhixD3IQ7kNvwHTKmdT&_nc_gid=-YPbQddr-xUm-tXnOfS4IQ&edm=APoiHPcBAAAA&ccb=7-5&ig_cache_key=MzY2MDgwMzE0ODMxMjQyNjcyNg%3D%3D.3-ccb7-5&oh=00_AfXrtwme5-nJA-FC9oGDWlSI1bKyAIIPjJnEq7ZrTqU4aQ&oe=68B54E49&_nc_sid=22de04,https://scontent-atl3-1.cdninstagram.com/o1/v/t16/f2/m86/AQM1XFWtWPp1xwSrFvO-7JfRVGxsXBhtadmuyttw6aej6I3-9f7UbrRsos4dgk1_jGkZxZoQzRQN5D_Zbk84SY0v24mSXIxMdry04R4.mp4?stp=dst-mp4&efg=eyJxZV9ncm91cHMiOiJbXCJpZ193ZWJfZGVsaXZlcnlfdnRzX290ZlwiXSIsInZlbmNvZGVfdGFnIjoidnRzX3ZvZF91cmxnZW4uY2xpcHMuYzIuNzIwLmJhc2VsaW5lIn0&_nc_cat=100&vs=1492160218608122_1861708095&_nc_vs=HBksFQIYUmlnX3hwdl9yZWVsc19wZXJtYW5lbnRfc3JfcHJvZC9BMTQwOTdENTZFOEJCODYwRDc3MTNGQzNEQjcwQzc5OF92aWRlb19kYXNoaW5pdC5tcDQVAALIARIAFQIYOnBhc3N0aHJvdWdoX2V2ZXJzdG9yZS9HRHQwZkI3d3NBZV9UNWdHQU9TWmRxaHRMYXBlYnFfRUFBQUYVAgLIARIAKAAYABsAFQAAJqb6ytrtz9I%2FFQIoAkMzLBdAIBDlYEGJNxgSZGFzaF9iYXNlbGluZV8xX3YxEQB1%2Fgdl5p0BAA%3D%3D&_nc_rid=cc518e4faa&ccb=9-4&oh=00_AfVrzpp1hryzpW5Y-QLnDbOwRbA2VssCeWb0scDyrLbjPg&oe=68B1737B&_nc_sid=22de04,2025-06-22 15:51:16,https://www.instagram.com/p/DLNyRFPyzjm,DLNyRFPyzjm
"We are just three days away from our launch and are excited to share all the details about our program supporting the mental health and well-being of women coffee farmers. Get ready to get involved and show your support! 

#SANAProgram #MentalHealthGrowsHere #WomenCoffeeFarmers #CoffeeIndustry #genderquity #mentalhealthmatters",https://scontent-atl3-2.cdninstagram.com/v/t51.2885-15/503424754_17860385565430577_1296341496326350003_n.jpg?stp=dst-jpg_e35_tt6&efg=eyJ2ZW5jb2RlX3RhZyI6IkZFRUQuaW1hZ2VfdXJsZ2VuLjEzNTB4MTY4Ny5zZHIuZjc1NzYxLmRlZmF1bHRfaW1hZ2UuYzIifQ&_nc_ht=scontent-atl3-2.cdninstagram.com&_nc_cat=105&_nc_oc=Q6cZ2QG3LO3haT_x-9ScOEcsJR1J9yhU7DcKLCYOiwyaJq181SqCTrRg3yAs5G1jNoGrD1I&_nc_ohc=WUi9r-RCH48Q7kNvwG5GIJM&_nc_gid=-YPbQddr-xUm-tXnOfS4IQ&edm=APoiHPcBAAAA&ccb=7-5&ig_cache_key=MzY1OTI3NTg2MDg4NDU5NDQ5Ng%3D%3D.3-ccb7-5&oh=00_AfVy9NqoE2We26fH5Bc6wshg4YkkI7RZ2anU0Xdr1o8qxQ&oe=68B57587&_nc_sid=22de04,,2025-06-20 13:14:57,https://www.instagram.com/p/DLIXAH_MB9A,DLIXAH_MB9A
"What did we learn from our pilot program and the experience of the women who were part of it?When women are given access to mental health care thats flexible, culturally rooted, and built around their reality, it works. 

 The graphics we share show real outcomes, from improved emotional well-being, to stronger family relationships, and a deep desire to keep going.
Mental health care can reach coffee farming communities  and it matters.

#MentalHealthGrowsHere #SANAProgram #womencoffeefarmers #coffeeindustry #genderquity",https://scontent-atl3-2.cdninstagram.com/v/t51.2885-15/502349794_17860269816430577_3084963581626340104_n.jpg?stp=dst-jpg_e15_tt6&efg=eyJ2ZW5jb2RlX3RhZyI6IkNBUk9VU0VMX0lURU0uaW1hZ2VfdXJsZ2VuLjcyMHg5MDAuc2RyLmY3NTc2MS5kZWZhdWx0X2NvdmVyX2ZyYW1lLmMyIn0&_nc_ht=scontent-atl3-2.cdninstagram.com&_nc_cat=105&_nc_oc=Q6cZ2QG3LO3haT_x-9ScOEcsJR1J9yhU7DcKLCYOiwyaJq181SqCTrRg3yAs5G1jNoGrD1I&_nc_ohc=8slj-MVfCtUQ7kNvwFbS8HD&_nc_gid=-YPbQddr-xUm-tXnOfS4IQ&edm=APoiHPcBAAAA&ccb=7-5&ig_cache_key=MzY1ODU3MzU1MDgxMTg0MTM1Nw%3D%3D.3-ccb7-5&oh=00_AfWBoSUC1vaGcSjRUjryEVJLazsntGlM5Xd0NvIMjHftVw&oe=68B547CF&_nc_sid=22de04,,2025-06-19 13:59:48,https://www.instagram.com/p/DLF3VmFRp2P,DLF3VmFRp2P
"Five 5 days until we officially launch!  

#sanaprograms #womencoffeefarmers #mentalhealthmatters #mentalhealthgrowshere",https://scontent-atl3-2.cdninstagram.com/v/t51.2885-15/509603455_17860154535430577_7227961626301573632_n.jpg?stp=dst-jpg_e15_tt6&efg=eyJ2ZW5jb2RlX3RhZyI6IkNMSVBTLmltYWdlX3VybGdlbi4xMTc2eDIwODYuc2RyLmY3NTc2MS5kZWZhdWx0X2NvdmVyX2ZyYW1lLmMyIn0&_nc_ht=scontent-atl3-2.cdninstagram.com&_nc_cat=105&_nc_oc=Q6cZ2QG3LO3haT_x-9ScOEcsJR1J9yhU7DcKLCYOiwyaJq181SqCTrRg3yAs5G1jNoGrD1I&_nc_ohc=q7BqOAuyDLcQ7kNvwGKFbZ2&_nc_gid=-YPbQddr-xUm-tXnOfS4IQ&edm=APoiHPcBAAAA&ccb=7-5&ig_cache_key=MzY1Nzg3NDc2OTM4MDYwMTk2OTE3ODYwMTU0NTMyNDMwNTc3.3-ccb7-5&oh=00_AfX1XpB0a5Bu3M7XxkTqhyo0hWg1hYJp_QxRgEBskUpRtA&oe=68B560C7&_nc_sid=22de04,https://scontent-atl3-2.cdninstagram.com/o1/v/t16/f2/m86/AQPq2M-cb6flL_1sc-Va1XH_kaZsbYHs2L_WeVPTg2QHDX-EtznzAe9wQBFcIdAdFrZHAcod_ptX-8fGpSGs06dWF7rRCY2m4w8JfSU.mp4?stp=dst-mp4&efg=eyJxZV9ncm91cHMiOiJbXCJpZ193ZWJfZGVsaXZlcnlfdnRzX290ZlwiXSIsInZlbmNvZGVfdGFnIjoidnRzX3ZvZF91cmxnZW4uY2xpcHMuYzIuNzIwLmJhc2VsaW5lIn0&_nc_cat=102&vs=1397676508111743_3330965846&_nc_vs=HBksFQIYUmlnX3hwdl9yZWVsc19wZXJtYW5lbnRfc3JfcHJvZC9FRTQ4NUYzQkI5REY0QTkyQTIwNjg4Qzg0RkY0RDc4MF92aWRlb19kYXNoaW5pdC5tcDQVAALIARIAFQIYOnBhc3N0aHJvdWdoX2V2ZXJzdG9yZS9HR2Q2T0I2ZXZwQjhYVzhHQUNFaGhVZWxGWlk0YnFfRUFBQUYVAgLIARIAKAAYABsAFQAAJvr80YqDhJxAFQIoAkMzLBdAJu6XjU%2FfOxgSZGFzaF9iYXNlbGluZV8xX3YxEQB1%2Fgdl5p0BAA%3D%3D&_nc_rid=cc518f553b&ccb=9-4&oh=00_AfU7Ncje6_Ig9mB0xy-vVzoX6Xdm7mfEWGXbadOTgtfBew&oe=68B15A38&_nc_sid=22de04,2025-06-18 14:51:48,https://www.instagram.com/p/DLDYbj1y3Bx,DLDYbj1y3Bx
"What happens when a woman coffee farmer is given space to speak, reflect, and be heard? Leanis, one of the 39 women coffee farmers in our pilot, shared this with us after completing the program.

We are just six days away from launching our website and donation campaign. Stay tuned! 

#SANAProgram #MentalHealthGrowsHere #WomenCoffeeFarmers #CoffeeIndustry #mentalhealthmatters #GenderEquity",https://scontent-atl3-2.cdninstagram.com/v/t51.2885-15/509142956_17860125594430577_8132728285927027465_n.jpg?stp=dst-jpg_e35_tt6&efg=eyJ2ZW5jb2RlX3RhZyI6IkZFRUQuaW1hZ2VfdXJsZ2VuLjEzNTB4MTY4Ny5zZHIuZjc1NzYxLmRlZmF1bHRfaW1hZ2UuYzIifQ&_nc_ht=scontent-atl3-2.cdninstagram.com&_nc_cat=105&_nc_oc=Q6cZ2QEVm_DFT_DKcipPv8GACFa5-YovLDlt8wYir32SRZDlGpqZSCT1JM9jGB4IuriYPPs&_nc_ohc=fZPkCMg6B9kQ7kNvwHeiJhj&_nc_gid=eobn2CBtdB-M2lYDyC_p9g&edm=APoiHPcBAAAA&ccb=7-5&ig_cache_key=MzY1NzczNTQyNjU4ODg2Mzg3MQ%3D%3D.3-ccb7-5&oh=00_AfUv-DNo8xM76s4yYYjpSu9heMHfX0cr5KW2bRdnQhoXNw&oe=68B55674&_nc_sid=22de04,,2025-06-18 10:18:34,https://www.instagram.com/p/DLC4v2wMO1_,DLC4v2wMO1_
"In our pilot program Beans to Minds, we walked alongside 39 incredible women coffee farmers and pickers  from the mountains of Nario to the farms of Antioquia  to offer something many had never received before: mental health and wellness support rooted in accessibility, care, and community. 
They proved what we had long believed: mental health support is a core tool for achieving gender equity. The safe spaces we fostered became places to break cycles of silence, strengthen emotional awareness, and support these womens personal agency.
And this is just the beginning. Follow us to see how SANA continues to grow.
#MentalHealthGrowsHere#SANApilot #SANAProgram #coffeeindustry #MentalHealthMatters #WomenCoffeeFarmers #Colombia #mentalhealthishealth",https://scontent-atl3-2.cdninstagram.com/v/t51.2885-15/508689044_17860003353430577_3922088000332528180_n.jpg?stp=dst-jpg_e35_tt6&efg=eyJ2ZW5jb2RlX3RhZyI6IkNBUk9VU0VMX0lURU0uaW1hZ2VfdXJsZ2VuLjEwODB4MTM1MC5zZHIuZjc1NzYxLmRlZmF1bHRfaW1hZ2UuYzIifQ&_nc_ht=scontent-atl3-2.cdninstagram.com&_nc_cat=105&_nc_oc=Q6cZ2QEVm_DFT_DKcipPv8GACFa5-YovLDlt8wYir32SRZDlGpqZSCT1JM9jGB4IuriYPPs&_nc_ohc=T0Pg0aGSrGEQ7kNvwFxztfq&_nc_gid=eobn2CBtdB-M2lYDyC_p9g&edm=APoiHPcBAAAA&ccb=7-5&ig_cache_key=MzY1Njk4Mzg0MjM3Njk2NTYzOA%3D%3D.3-ccb7-5&oh=00_AfUWEey1jJx2vYKx0S-UvnQe_eTufrhY2z5dZZqHceB5XQ&oe=68B55A52&_nc_sid=22de04,,2025-06-17 09:21:10,https://www.instagram.com/p/DLAN3CXuzsZ,DLAN3CXuzsZ
"Seven 7 days until we officially launch!  

#sanaprograms #womencoffeefarmers #mentalhealthmatters #mentalhealthgrowshere",https://scontent-atl3-3.cdninstagram.com/v/t51.2885-15/508393732_1782964309299419_5909057841833529803_n.jpg?stp=dst-jpg_e15_tt6&efg=eyJ2ZW5jb2RlX3RhZyI6IkNMSVBTLmltYWdlX3VybGdlbi42NDB4MTEzNi5zZHIuZjcxODc4Lm5mcmFtZV9jb3Zlcl9mcmFtZS5jMiJ9&_nc_ht=scontent-atl3-3.cdninstagram.com&_nc_cat=111&_nc_oc=Q6cZ2QEVm_DFT_DKcipPv8GACFa5-YovLDlt8wYir32SRZDlGpqZSCT1JM9jGB4IuriYPPs&_nc_ohc=3JxVgWbsf2YQ7kNvwH-M2XR&_nc_gid=eobn2CBtdB-M2lYDyC_p9g&edm=APoiHPcBAAAA&ccb=7-5&ig_cache_key=MzY1NjQzOTYxNzY5MjM3MDc1NA%3D%3D.3-ccb7-5&oh=00_AfVTJ5umtgg-Z3ijmshPxLY0pHjTFcVloMjbrx_JjorxCg&oe=68B55496&_nc_sid=22de04,https://scontent-atl3-3.cdninstagram.com/o1/v/t16/f2/m86/AQPCTsVU2ROLEPz8_3N7zQ384wtkTOoTW_8_c4yPfH_uZ8AOvnTgUCJpHMMTTK-yzcQ1mEupcQbYslMIkQOCDPLQcnDJu6IukdXvGLE.mp4?stp=dst-mp4&efg=eyJxZV9ncm91cHMiOiJbXCJpZ193ZWJfZGVsaXZlcnlfdnRzX290ZlwiXSIsInZlbmNvZGVfdGFnIjoidnRzX3ZvZF91cmxnZW4uY2xpcHMuYzIuNzIwLmJhc2VsaW5lIn0&_nc_cat=107&vs=1372618270694629_2351573325&_nc_vs=HBksFQIYUmlnX3hwdl9yZWVsc19wZXJtYW5lbnRfc3JfcHJvZC8wODQ1MzI3MTAyQTgwNjFBMjU0NzdCNEFBMERCNzdCQl92aWRlb19kYXNoaW5pdC5tcDQVAALIARIAFQIYOnBhc3N0aHJvdWdoX2V2ZXJzdG9yZS9HSUFMUFI0eWFvcEJaVTBHQUFDSDNoV3FodzF3YnFfRUFBQUYVAgLIARIAKAAYABsAFQAAJqCy16HHgqlAFQIoAkMzLBdAJN2yLQ5WBBgSZGFzaF9iYXNlbGluZV8xX3YxEQB1%2Fgdl5p0BAA%3D%3D&_nc_rid=9c50a6e380&ccb=9-4&oh=00_AfXNIfnmXYDDDrDoFtaKj-GtSTG9oV1zloZssdUpHobyqw&oe=68B15F3F&_nc_sid=22de04,2025-06-16 15:21:11,https://www.instagram.com/p/DK-SHWrOAdC,DK-SHWrOAdC
"This is our first post  Wow!  
We are so excited to begin sharing our story with you finally. Well be launching in seven days, and youll have the opportunity to be part of this movement by supporting us with your donations to help bring mental health care and wellness to more women coffee farmers. 

From storytelling to action: 
When our founder, @luciabawot, published We Belong a book showcasing the lives of Colombian women coffee farmers  she couldnt ignore the emotional weight of their stories. 

What started as a photography project evolved into a mission. After hearing women say, Ive never told anyone this before, Lucia recognized that mental health care isnt just a need; its a right. 

This realization led to Beans to Minds, a small yet impactful mental health pilot that served 39 women coffee farmers and pickers in Colombia. Today, that pilot has evolved into SANA  an 5-month integrative mental health care & wellness program for women coffee farmers that aims to: reduce stigma surrounding mental health, break cycles of silence, strengthen emotional awareness, and foster personal agency, combining teletherapy, virtual education, and community-based support. 

Follow along as we continue this journey and share the details of what we do and who we do it for.

*slide #3 should be 2023 not 2024 

#MentalHealthGrowsHere #GenderEquityStartsFromWithin #SANAProgram #Womencoffeefarmers #mentalhealthmatters #coffeeindustry #mentalhealthsupport #sustainability",https://scontent-atl3-2.cdninstagram.com/v/t51.2885-15/508309663_17859884304430577_66740559348592152_n.jpg?stp=dst-jpg_e35_tt6&efg=eyJ2ZW5jb2RlX3RhZyI6IkNBUk9VU0VMX0lURU0uaW1hZ2VfdXJsZ2VuLjEwODB4MTM1MC5zZHIuZjc1NzYxLmRlZmF1bHRfaW1hZ2UuYzIifQ&_nc_ht=scontent-atl3-2.cdninstagram.com&_nc_cat=105&_nc_oc=Q6cZ2QEVm_DFT_DKcipPv8GACFa5-YovLDlt8wYir32SRZDlGpqZSCT1JM9jGB4IuriYPPs&_nc_ohc=2V8WQ0R15p0Q7kNvwGc5gTl&_nc_gid=eobn2CBtdB-M2lYDyC_p9g&edm=APoiHPcBAAAA&ccb=7-5&ig_cache_key=MzY1NjI3OTAzMTk2MDE4MzIyOQ%3D%3D.3-ccb7-5&oh=00_AfVDcg3ZmJ-xqM6eTnroBftto4GNZjqDici-MsD5d9IqWA&oe=68B54E55&_nc_sid=22de04,,2025-06-17 09:18:20,https://www.instagram.com/p/DK9tmo3sCat,DK9tmo3sCat
